151.199.166.0/24,US,US-TX,Houston, 
2600:1000:a000::/44,US,US-MA,Westborough,
2600:1000:a010::/44,US,US-MA,Westborough,
2600:1000:a020::/48,US,US-MA,Westborough,
2600:1000:a021::/48,US,US-MA,Westborough,
2600:1000:a022::/48,US,US-MA,Westborough,
2600:1000:a100::/44,US,US-CT,Windsor,
2600:1000:a110::/44,US,US-CT,Windsor,
2600:1000:a120::/48,US,US-CT,Windsor,
2600:1000:a121::/48,US,US-CT,Windsor,
2600:1000:a122::/48,US,US-CT,Windsor,
2600:1001:a000::/44,US,US-NJ,Branchburg,
2600:1001:a010::/48,US,US-NJ,Branchburg,
2600:1001:a018::/45,US,US-NJ,Branchburg,
2600:1001:a100::/44,US,US-NJ,Wall Township,
2600:1001:a110::/48,US,US-NJ,Wall Township,
2600:1001:a118::/45,US,US-NJ,Branchburg,
2600:1002:a000::/44,US,US-PA,Plymouth Meeting,
2600:1002:a011::/48,US,US-PA,Plymouth Meeting,
2600:1002:a012::/48,US,US-PA,Plymouth Meeting,
2600:1002:a013::/48,US,US-PA,Plymouth Meeting,
2600:1002:a015::/48,US,US-PA,Plymouth Meeting,
2600:1002:a018::/45,US,US-PA,Plymouth Meeting,
2600:1002:a020::/45,US,US-PA,Plymouth Meeting,
2600:1002:a100::/44,US,US-DE,New Castle,
2600:1002:a111::/48,US,US-DE,New Castle,
2600:1002:a112::/48,US,US-DE,New Castle,
2600:1002:a113::/48,US,US-DE,New Castle,
2600:1002:a118::/45,US,US-DE,New Castle,
2600:1002:a120::/44,US,US-DE,New Castle,
2600:1002:b020::/44,US,US-PA,Plymouth Meeting,
2600:1003:a000::/44,US,US-MD,Annapolis Junction,
2600:1003:a011::/48,US,US-MD,Annapolis Junction,
2600:1003:a012::/48,US,US-MD,Annapolis Junction,
2600:1003:a018::/45,US,US-MD,Annapolis Junction,
2600:1003:a100::/44,US,US-VA,Chantilly,
2600:1003:a111::/48,US,US-VA,Chantilly,
2600:1003:a112::/48,US,US-VA,Chantilly,
2600:1003:a118::/45,US,US-VA,Chantilly,
2600:1003:a400::/44,US,US-VA,Richmond,
2600:1003:a410::/48,US,US-VA,Richmond,
2600:1003:a414::/48,US,US-VA,Richmond,
2600:1003:a418::/45,US,US-VA,Richmond,
2600:1003:a800::/44,US,US-VA,Roanoke,
2600:1003:a810::/48,US,US-VA,Roanoke,
2600:1003:a818::/45,US,US-VA,Roanoke,
2600:1004:a000::/44,US,US-NC,Charlotte,
2600:1004:a010::/44,US,US-NC,Charlotte,
2600:1004:a020::/44,US,US-NC,Charlotte,
2600:1004:a031::/48,US,US-NC,Charlotte,
2600:1004:a032::/48,US,US-NC,Charlotte,
2600:1004:a033::/48,US,US-NC,Charlotte,
2600:1004:a034::/48,US,US-NC,Charlotte,
2600:1004:a040::/44,US,US-NC,Charlotte,
2600:1004:a060::/45,US,US-NC,Charlotte,
2600:1004:a068::/45,US,US-NC,Charlotte,
2600:1004:a070::/45,US,US-NC,Charlotte,
2600:1004:a078::/45,US,US-NC,Charlotte,
2600:1004:a100::/44,US,US-TN,Whites Creek,
2600:1004:a110::/44,US,US-TN,Whites Creek,
2600:1004:a120::/48,US,US-TN,Whites Creek,
2600:1004:a121::/48,US,US-TN,Whites Creek,
2600:1004:a122::/48,US,US-TN,Whites Creek,
2600:1004:a130::/44,US,US-TN,Whites Creek,
2600:1004:a140::/45,US,US-TN,Whites Creek,
2600:1004:a148::/45,US,US-TN,Whites Creek,
2600:1005:a000::/44,US,US-GA,Alpharetta,
2600:1005:a010::/44,US,US-GA,Alpharetta,
2600:1005:a020::/48,US,US-GA,Alpharetta,
2600:1005:a022::/48,US,US-GA,Alpharetta,
2600:1005:a026::/48,US,US-GA,Alpharetta,
2600:1005:a027::/48,US,US-GA,Alpharetta,
2600:1005:a030::/44,US,US-GA,Alpharetta,
2600:1005:a040::/45,US,US-GA,Alpharetta,
2600:1005:a048::/45,US,US-GA,Alpharetta,
2600:1005:a100::/44,US,US-AL,Birmingham,
2600:1005:a110::/44,US,US-AL,Birmingham,
2600:1005:a120::/48,US,US-AL,Birmingham,
2600:1005:a122::/48,US,US-AL,Birmingham,
2600:1005:a126::/48,US,US-AL,Birmingham,
2600:1005:a128::/48,US,US-AL,Birmingham,
2600:1005:a130::/45,US,US-AL,Birmingham,
2600:1005:a138::/45,US,US-AL,Birmingham,
2600:1006:a000::/44,US,US-FL,Pembroke Pines,
2600:1006:a010::/44,US,US-FL,Pembroke Pines,
2600:1006:a021::/48,US,US-FL,Pembroke Pines,
2600:1006:a022::/48,US,US-FL,Pembroke Pines,
2600:1006:a024::/48,US,US-FL,Pembroke Pines,
2600:1006:a028::/45,US,US-FL,Pembroke Pines,
2600:1006:a100::/44,US,US-FL,Orlando,
2600:1006:a110::/44,US,US-FL,Orlando,
2600:1006:a120::/44,US,US-FL,Orlando,
2600:1006:a131::/48,US,US-FL,Orlando,
2600:1006:a132::/48,US,US-FL,Orlando,
2600:1006:a134::/48,US,US-FL,Orlando,
2600:1006:a140::/45,US,US-FL,Orlando,
2600:1006:a148::/45,US,US-FL,Orlando,
2600:1007:a000::/44,US,US-MI,Southfield,
2600:1007:a011::/48,US,US-MI,Southfield,
2600:1007:a012::/48,US,US-MI,Southfield,
2600:1007:a020::/44,US,US-MI,Southfield,
2600:1007:a030::/45,US,US-MI,Southfield,
2600:1007:a038::/45,US,US-MI,Southfield,
2600:1007:a100::/44,US,US-MI,Westland,
2600:1007:a111::/48,US,US-MI,Westland,
2600:1007:a112::/48,US,US-MI,Westland,
2600:1007:a118::/45,US,US-MI,Westland,
2600:1008:a000::/44,US,US-IL,Hickory Hills,
2600:1008:a010::/44,US,US-IL,Hickory Hills,
2600:1008:a020::/44,US,US-IL,Hickory Hills,
2600:1008:a030::/48,US,US-IL,Hickory Hills,
2600:1008:a033::/48,US,US-IL,Hickory Hills,
2600:1008:a034::/48,US,US-IL,Hickory Hills,
2600:1008:a038::/45,US,US-IL,Hickory Hills,
2600:1008:a100::/44,US,US-WI,New Berlin,
2600:1008:a110::/44,US,US-WI,New Berlin,
2600:1008:a120::/44,US,US-WI,New Berlin,
2600:1008:a130::/48,US,US-WI,New Berlin,
2600:1008:a133::/48,US,US-WI,New Berlin,
2600:1008:a134::/48,US,US-WI,New Berlin,
2600:1008:a138::/45,US,US-WI,New Berlin,
2600:1008:b020::/44,US,US-IL,Hickory Hills,
2600:1009:a000::/44,US,US-OH,Columbus,
2600:1009:a010::/44,US,US-OH,Columbus,
2600:1009:a021::/48,US,US-OH,Columbus,
2600:1009:a022::/48,US,US-OH,Columbus,
2600:1009:a023::/48,US,US-OH,Columbus,
2600:1009:a100::/44,US,US-OH,Cincinnati,
2600:1009:a110::/44,US,US-OH,Cincinnati,
2600:1009:a121::/48,US,US-OH,Cincinnati,
2600:1009:a122::/48,US,US-OH,Cincinnati,
2600:1009:a123::/48,US,US-OH,Cincinnati,
2600:1009:a128::/45,US,US-OH,Cincinnati,
2600:100a:a000::/44,US,US-KS,Lenexa,
2600:100a:a011::/48,US,US-KS,Lenexa,
2600:100a:a012::/48,US,US-KS,Lenexa,
2600:100a:a018::/45,US,US-KS,Lenexa,
2600:100a:a100::/44,US,US-MO,St. Louis,
2600:100a:a110::/48,US,US-MO,St. Louis,
2600:100a:a111::/48,US,US-MO,St. Louis,
2600:100a:a118::/45,US,US-MO,St. Louis,
2600:100b:a000::/44,US,US-OK,Tulsa,
2600:100b:a010::/48,US,US-OK,Tulsa,
2600:100b:a012::/48,US,US-OK,Tulsa,
2600:100b:a100::/44,US,US-TN,Arlington,
2600:100b:a110::/48,US,US-TN,Arlington,
2600:100b:a111::/48,US,US-TN,Arlington,
2600:100b:a118::/45,US,US-TN,Arlington,
2600:100c:a100::/44,US,US-TX,Schertz,
2600:100c:a110::/44,US,US-TX,Schertz,
2600:100c:a121::/48,US,US-TX,Schertz,
2600:100c:a122::/48,US,US-TX,Schertz,
2600:100c:a123::/48,US,US-TX,Schertz,
2600:100c:a128::/48,US,US-TX,Schertz,
2600:100c:a130::/45,US,US-TX,Schertz,
2600:100c:a200::/44,US,US-TX,Euless,
2600:100c:a210::/44,US,US-TX,Euless,
2600:100c:a220::/48,US,US-TX,Euless,
2600:100c:a221::/48,US,US-TX,Euless,
2600:100c:a222::/48,US,US-TX,Euless,
2600:100c:a223::/48,US,US-TX,Euless,
2600:100c:a230::/45,US,US-TX,Euless,
2600:100c:a238::/45,US,US-TX,Euless,
2600:100c:b220::/44,US,US-TX,Euless,
2600:100d:a000::/44,US,US-TX,Houston,
2600:100d:a010::/44,US,US-TX,Houston,
2600:100d:a0e0::/45,US,US-TX,Houston,
2600:100d:a0ed::/48,US,US-TX,Houston,
2600:100d:a0ee::/48,US,US-TX,Houston,
2600:100d:a100::/44,US,US-LA,Baton Rouge,
2600:100d:a110::/44,US,US-LA,Baton Rouge,
2600:100d:a120::/48,US,US-LA,Baton Rouge,
2600:100d:a121::/48,US,US-LA,Baton Rouge,
2600:100e:a000::/44,US,US-CO,Aurora,
2600:100e:a010::/44,US,US-CO,Aurora,
2600:100e:a020::/48,US,US-CO,Aurora,
2600:100e:a021::/48,US,US-CO,Aurora,
2600:100e:a022::/48,US,US-CO,Aurora,
2600:100e:a023::/48,US,US-CO,Aurora,
2600:100e:a030::/45,US,US-CO,Aurora,
2600:100e:a038::/45,US,US-CO,Aurora,
2600:100e:a100::/44,US,US-UT,West Jordan,
2600:100e:a110::/44,US,US-UT,West Jordan,
2600:100e:a120::/48,US,US-UT,West Jordan,
2600:100e:a121::/48,US,US-UT,West Jordan,
2600:100e:a122::/48,US,US-UT,West Jordan,
2600:100e:a123::/48,US,US-UT,West Jordan,
2600:100e:a128::/45,US,US-UT,West Jordan,
2600:100f:a000::/44,US,US-WA,Redmond,
2600:100f:a010::/44,US,US-WA,Redmond,
2600:100f:a020::/48,US,US-WA,Redmond,
2600:100f:a021::/48,US,US-WA,Redmond,
2600:100f:a022::/48,US,US-WA,Redmond,
2600:100f:a030::/45,US,US-WA,Redmond,
2600:100f:a038::/45,US,US-WA,Redmond,
2600:100f:a100::/44,US,US-OR,Hillsboro,
2600:100f:a110::/48,US,US-OR,Hillsboro,
2600:100f:a111::/48,US,US-OR,Hillsboro,
2600:100f:a112::/48,US,US-OR,Hillsboro,
2600:100f:a118::/45,US,US-OR,Hillsboro,
2600:1010:a000::/44,US,US-CA,Sunnyvale,
2600:1010:a010::/44,US,US-CA,Sunnyvale,
2600:1010:a021::/48,US,US-CA,Sunnyvale,
2600:1010:a022::/48,US,US-CA,Sunnyvale,
2600:1010:a023::/48,US,US-CA,Sunnyvale,
2600:1010:a030::/45,US,US-CA,Sunnyvale,
2600:1010:a038::/45,US,US-CA,Sunnyvale,
2600:1010:a100::/44,US,US-CA,Rocklin,
2600:1010:a110::/44,US,US-CA,Rocklin,
2600:1010:a121::/48,US,US-CA,Rocklin,
2600:1010:a122::/48,US,US-CA,Rocklin,
2600:1010:a123::/48,US,US-CA,Rocklin,
2600:1010:a130::/44,US,US-CA,Rocklin,
2600:1010:a140::/45,US,US-CA,Rocklin,
2600:1010:a148::/45,US,US-CA,Rocklin,
2600:1010:b020::/44,US,US-CA,Sunnyvale,
2600:1011:a000::/44,US,US-NV,North Las Vegas,
2600:1011:a010::/44,US,US-NV,North Las Vegas,
2600:1011:a03b::/48,US,US-NV,North Las Vegas,
2600:1011:a03d::/48,US,US-NV,North Las Vegas,
2600:1011:a03e::/48,US,US-NV,North Las Vegas,
2600:1011:a03f::/48,US,US-NV,North Las Vegas,
2600:1011:a100::/44,US,US-AZ,Tempe,
2600:1011:a110::/44,US,US-AZ,Tempe,
2600:1011:a120::/44,US,US-AZ,Tempe,
2600:1011:a130::/45,US,US-AZ,Tempe,
2600:1011:a138::/45,US,US-AZ,Tempe,
2600:1011:a189::/48,US,US-AZ,Tempe,
2600:1011:a18a::/48,US,US-AZ,Tempe,
2600:1011:a18b::/48,US,US-AZ,Tempe,
2600:1011:a18d::/48,US,US-AZ,Tempe,
2600:1011:a18e::/48,US,US-AZ,Tempe,
2600:1011:a18f::/48,US,US-AZ,Tempe,
2600:1012:a000::/44,US,US-CA,Azusa,
2600:1012:a010::/44,US,US-CA,Azusa,
2600:1012:a023::/48,US,US-CA,Azusa,
2600:1012:a024::/48,US,US-CA,Azusa,
2600:1012:a025::/48,US,US-CA,Azusa,
2600:1012:a026::/48,US,US-CA,Azusa,
2600:1012:a030::/45,US,US-CA,Azusa,
2600:1012:a038::/45,US,US-CA,Azusa,
2600:1012:a100::/44,US,US-CA,Vista,
2600:1012:a110::/44,US,US-CA,Vista,
2600:1012:a123::/48,US,US-CA,Vista,
2600:1012:a124::/48,US,US-CA,Vista,
2600:1012:a125::/48,US,US-CA,Vista,
2600:1012:a126::/48,US,US-CA,Vista,
2600:1012:a128::/45,US,US-CA,Vista,
2600:1012:a130::/44,US,US-CA,Vista,
2600:1012:a140::/45,US,US-CA,Vista,
2600:1012:a148::/45,US,US-CA,Vista,
2600:1013:a000::/44,US,US-HI,Mililani,
2600:1013:a010::/48,US,US-HI,Mililani,
2600:1014:a000::/44,US,US-MN,Bloomington,
2600:1014:a010::/44,US,US-MN,Bloomington,
2600:1014:a020::/48,US,US-MN,Bloomington,
2600:1014:a021::/48,US,US-MN,Bloomington,
2600:1014:a022::/48,US,US-MN,Bloomington,
2600:1014:a024::/48,US,US-MN,Bloomington,
2600:1014:a030::/45,US,US-MN,Bloomington,
2600:1014:a038::/45,US,US-MN,Bloomington,
2600:1014:a100::/44,US,US-NE,Omaha,
2600:1014:a110::/48,US,US-NE,Omaha,
2600:1014:a111::/48,US,US-NE,Omaha,
2600:1014:a112::/48,US,US-NE,Omaha,
2600:1014:a114::/48,US,US-NE,Omaha,
2600:1014:a120::/44,US,US-NE,Omaha,
2600:1014:a130::/45,US,US-NE,Omaha,
2600:1014:a138::/45,US,US-NE,Omaha,
2600:1015:a000::/44,US,US-IN,Indianapolis,
2600:1015:a010::/44,US,US-IN,Indianapolis,
2600:1015:a020::/44,US,US-IN,Indianapolis,
2600:1015:a030::/48,US,US-IN,Indianapolis,
2600:1015:a032::/48,US,US-IN,Indianapolis,
2600:1015:a040::/45,US,US-IN,Indianapolis,
2600:1015:a048::/45,US,US-IN,Indianapolis,
2600:1015:a110::/44,US,US-IN,Indianapolis,
2600:1015:a120::/48,US,US-IN,Indianapolis,
2600:1015:a122::/48,US,US-IN,Indianapolis,
2600:1015:a128::/45,US,US-IN,Indianapolis,
2600:1016:a000::/44,US,US-PA,Bridgeville,
2600:1016:a010::/48,US,US-PA,Bridgeville,
2600:1016:a012::/48,US,US-PA,Bridgeville,
2600:1016:a013::/48,US,US-PA,Bridgeville,
2600:1016:a018::/45,US,US-PA,Bridgeville,
2600:1016:a100::/44,US,US-PA,Johnstown,
2600:1016:a110::/48,US,US-PA,Johnstown,
2600:1016:a112::/48,US,US-PA,Johnstown,
2600:1016:a113::/48,US,US-PA,Johnstown,
2600:1016:a118::/45,US,US-PA,Johnstown,
2600:1017:a000::/44,US,US-NY,East Syracuse,
2600:1017:a010::/48,US,US-NY,East Syracuse,
2600:1017:a012::/48,US,US-NY,East Syracuse,
2600:1017:a018::/45,US,US-NY,East Syracuse,
2600:1017:a100::/44,US,US-NY,Rochester,
2600:1017:a110::/48,US,US-NY,Rochester,
2600:1017:a112::/48,US,US-NY,Rochester,
2600:1017:a400::/44,US,US-NY,Farmingdale,
2600:1017:a410::/48,US,US-NY,Farmingdale,
2600:1017:a412::/48,US,US-NY,Farmingdale,
2600:1017:a420::/45,US,US-NY,Farmingdale,
2600:1017:a428::/45,US,US-NY,Farmingdale,
2600:1017:a800::/44,US,US-NY,Yonkers,
2600:1017:a8f0::/45,US,US-NY,Yonkers,
2600:1017:a8fd::/48,US,US-NY,Yonkers,
2600:1017:a8ff::/48,US,US-NY,Yonkers,
2600:4040:5900::/44,US,US-TX,Houston,
2600:4041:7b40::/44,US,US-FL,Pembroke Pines,
2600:4041:7b50::/48,US,US-FL,Pembroke Pines,
2600:4041:7b51::/48,US,US-AZ,Tempe,
2600:4041:7b60::/44,US,US-AZ,Tempe,
2600:4041:7b70::/48,US,US-IL,Hickory Hills,
2600:4041:7b80::/44,US,US-OH,Cincinnati,
2600:4041:7b90::/44,US,US-CA,Vista,
2600:4041:7ba0::/48,US,US-CA,Vista,
2600:4041:7bb0::/44,US,US-IL,Hickory Hills,
2600:4041:7bc0::/48,US,US-OH,Cincinnati,
2600:4041:7bc1::/48,US,US-CA,Sunnyvale,
2600:4041:7bd0::/44,US,US-CA,Sunnyvale,
2600:4041:7c01::/48,US,US-OR,Hillsboro,
2600:4041:7c10::/44,US,US-OR,Hillsboro,
2600:4041:7c20::/48,US,US-MI,Canton,
2600:4041:7c30::/44,US,US-MI,Canton,
2600:4041:7c40::/48,US,US-TX,Houston,
2600:4041:7c70::/48,US,US-GA,Alpharetta,
2600:4041:7c80::/44,US,US-GA,Alpharetta,
2600:4041:7c90::/48,US,US-TX,Euless,
2600:4041:7ca0::/44,US,US-TX,Euless,
2600:4041:7cb0::/48,US,US-NC,Charlotte,
2600:4041:7cc0::/44,US,US-NC,Charlotte,
2600:4041:7cd0::/48,US,US-CT,Windsor,
2600:4041:7ce0::/44,US,US-CT,Windsor,
68.161.0.0/24,US,US-CO,Aurora,
68.161.1.0/24,US,US-MN,Bloomington,
71.124.10.0/24,US,US-CA,Vista,
71.124.14.0/24,US,US-CA,Sunnyvale,
71.124.15.0/24,US,US-CA,Sunnyvale,
71.124.20.0/24,US,US-OR,Hillsboro,
71.124.21.0/24,US,US-OR,Hillsboro,
71.124.23.0/24,US,US-MI,Canton,
71.124.24.0/24,US,US-MI,Canton,
71.124.25.0/24,US,US-CT,Windsor,
71.124.26.0/24,US,US-TX,Houston,
71.124.27.0/24,US,US-GA,Alpharetta,
71.124.28.0/24,US,US-GA,Alpharetta,
71.124.29.0/24,US,US-TX,Euless,
71.124.30.0/24,US,US-TX,Euless,
71.124.31.0/24,US,US-NC,Charlotte,
71.124.32.0/24,US,US-NC,Charlotte,
71.124.33.0/24,US,US-CT,Windsor,
71.124.7.0/24,US,US-OH,Cincinnati,
71.124.8.0/24,US,US-CA,Vista,
71.124.9.0/24,US,US-OH,Cincinnati,
72.104.0.0/21,US,US-CT,Windsor,
72.104.104.0/21,US,US-FL,Orlando,
72.104.112.0/21,US,US-CA,Vista,
72.104.120.0/21,US,US-CA,Azusa,
72.104.128.0/21,US,US-NJ,Wall Township,
72.104.136.0/21,US,US-VA,Chantilly,
72.104.144.0/21,US,US-TN,Whites Creek,
72.104.152.0/21,US,US-OH,Cincinnati,
72.104.16.0/21,US,US-OK,Tulsa,
72.104.160.0/21,US,US-TX,Euless,
72.104.168.0/21,US,US-OH,Columbus,
72.104.176.0/21,US,US-CA,Sunnyvale,
72.104.184.0/21,US,US-WA,Redmond,
72.104.192.0/21,US,US-MD,Annapolis Junction,
72.104.200.0/21,US,US-VA,Chantilly,
72.104.208.0/21,US,US-IN,Indianapolis,
72.104.216.0/21,US,US-PA,Bridgeville,
72.104.224.0/21,US,US-NE,Omaha,
72.104.232.0/21,US,US-NE,Omaha,
72.104.24.0/21,US,US-TN,Arlington,
72.104.240.0/21,US,US-WI,New Berlin,
72.104.248.0/21,US,US-WI,New Berlin,
72.104.32.0/21,US,US-PA,Bridgeville,
72.104.40.0/21,US,US-PA,Johnstown,
72.104.48.0/21,US,US-MD,Annapolis Junction,
72.104.56.0/21,US,US-NC,Charlotte,
72.104.64.0/21,US,US-MI,Southfield,
72.104.72.0/21,US,US-UT,West Jordan,
72.104.8.0/21,US,US-DE,New Castle,
72.104.80.0/21,US,US-MI,Westland,
72.104.88.0/21,US,US-AZ,Tempe,
72.104.96.0/21,US,US-NY,East Syracuse,
72.105.0.0/21,US,US-TN,Whites Creek,
72.105.104.0/21,US,US-MN,Bloomington,
72.105.112.0/21,US,US-MO,St. Louis,
72.105.120.0/21,US,US-CA,Rocklin,
72.105.128.0/21,US,US-MI,Westland,
72.105.136.0/21,US,US-CA,Sunnyvale,
72.105.144.0/21,US,US-CA,Rocklin,
72.105.152.0/21,US,US-TX,Euless,
72.105.16.0/21,US,US-MA,Westborough,
72.105.160.0/21,US,US-TX,Schertz,
72.105.168.0/21,US,US-IN,Indianapolis,
72.105.176.0/21,US,US-IN,Indianapolis,
72.105.184.0/23,US,US-FL,Pembroke Pines,
72.105.188.0/23,US,US-FL,Pembroke Pines,
72.105.190.0/23,US,US-FL,Pembroke Pines,
72.105.192.0/21,US,US-OH,Columbus,
72.105.200.0/21,US,US-IL,Hickory Hills,
72.105.208.0/21,US,US-LA,Baton Rouge,
72.105.216.0/21,US,US-AL,Birmingham,
72.105.224.0/21,US,US-CA,Vista,
72.105.232.0/21,US,US-TX,Houston,
72.105.24.0/21,US,US-PA,Plymouth Meeting,
72.105.240.0/21,US,US-MD,Annapolis Junction,
72.105.248.0/21,US,US-NJ,Branchburg,
72.105.32.0/21,US,US-NC,Charlotte,
72.105.40.0/21,US,US-GA,Alpharetta,
72.105.48.0/21,US,US-MI,Southfield,
72.105.56.0/21,US,US-IL,Hickory Hills,
72.105.64.0/21,US,US-CO,Aurora,
72.105.72.0/21,US,US-TN,Whites Creek,
72.105.8.0/21,US,US-OH,Cincinnati,
72.105.80.0/21,US,US-TN,Arlington,
72.105.88.0/21,US,US-CA,Azusa,
72.105.96.0/21,US,US-KS,Lenexa,
72.106.0.0/21,US,US-NV,North Las Vegas,
72.106.104.0/21,US,US-AL,Birmingham,
72.106.112.0/21,US,US-NY,Rochester,
72.106.120.0/22,US,US-NY,Farmingdale,
72.106.124.0/22,US,US-NY,Yonkers,
72.106.128.0/20,US,US-MN,Bloomington,
72.106.144.0/21,US,US-TN,Whites Creek,
72.106.152.0/21,US,US-TN,Whites Creek,
72.106.16.0/21,US,US-KS,Lenexa,
72.106.160.0/20,US,US-MI,Southfield,
72.106.176.0/22,US,US-VA,Richmond,
72.106.180.0/22,US,US-VA,Roanoke,
72.106.184.0/21,US,US-MA,Westborough,
72.106.192.0/22,US,US-DE,New Castle,
72.106.196.0/23,US,US-FL,Pembroke Pines,
72.106.198.0/23,US,US-CA,Vista,
72.106.200.0/21,US,US-NE,Omaha,
72.106.208.0/21,US,US-OH,Columbus,
72.106.216.0/21,US,US-OH,Cincinnati,
72.106.224.0/21,US,US-NC,Charlotte,
72.106.232.0/21,US,US-NC,Charlotte,
72.106.24.0/21,US,US-MN,Bloomington,
72.106.240.0/21,US,US-IL,Hickory Hills,
72.106.248.0/21,US,US-IL,Hickory Hills,
72.106.32.0/21,US,US-PA,Johnstown,
72.106.40.0/21,US,US-GA,Alpharetta,
72.106.48.0/21,US,US-WA,Redmond,
72.106.56.0/21,US,US-IN,Indianapolis,
72.106.64.0/20,US,US-TX,Euless,
72.106.8.0/21,US,US-OR,Hillsboro,
72.106.80.0/20,US,US-VA,Chantilly,
72.106.96.0/21,US,US-AL,Birmingham,
72.107.0.0/21,US,US-WI,New Berlin,
72.107.104.0/21,US,US-OH,Cincinnati,
72.107.112.0/20,US,US-MO,St. Louis,
72.107.128.0/20,US,US-MI,Westland,
72.107.144.0/21,US,US-CA,Rocklin,
72.107.152.0/22,US,US-VA,Roanoke,
72.107.156.0/22,US,US-VA,Roanoke,
72.107.16.0/21,US,US-NV,North Las Vegas,
72.107.160.0/22,US,US-VA,Richmond,
72.107.164.0/22,US,US-VA,Richmond,
72.107.168.0/22,US,US-MI,Westland,
72.107.172.0/22,US,US-AZ,Tempe,
72.107.176.0/23,US,US-UT,West Jordan,
72.107.180.0/22,US,US-PA,Bridgeville,
72.107.184.0/21,US,US-WA,Redmond,
72.107.192.0/21,US,US-TX,Schertz,
72.107.200.0/21,US,US-TX,Schertz,
72.107.208.0/21,US,US-OR,Hillsboro,
72.107.216.0/21,US,US-CO,Aurora,
72.107.224.0/21,US,US-UT,West Jordan,
72.107.232.0/21,US,US-OR,Hillsboro,
72.107.24.0/21,US,US-AZ,Tempe,
72.107.240.0/21,US,US-TX,Houston,
72.107.248.0/21,US,US-TX,Houston,
72.107.32.0/21,US,US-CA,Rocklin,
72.107.40.0/21,US,US-CA,Rocklin,
72.107.48.0/20,US,US-KS,Lenexa,
72.107.64.0/22,US,US-MI,Southfield,
72.107.68.0/22,US,US-FL,Orlando,
72.107.72.0/22,US,US-FL,Orlando,
72.107.76.0/22,US,US-VA,Roanoke,
72.107.8.0/21,US,US-WI,New Berlin,
72.107.80.0/21,US,US-HI,Mililani,
72.107.88.0/21,US,US-TX,Houston,
72.107.96.0/21,US,US-LA,Baton Rouge,
72.108.0.0/21,US,US-LA,Baton Rouge,
72.108.102.0/24,US,US-PA,Plymouth Meeting,
72.108.105.0/24,US,US-CA,Sunnyvale,
72.108.106.0/24,US,US-CA,Sunnyvale,
72.108.107.0/24,US,US-GA,Alpharetta,
72.108.108.0/24,US,US-GA,Alpharetta,
72.108.109.0/24,US,US-GA,Alpharetta,
72.108.110.0/24,US,US-GA,Alpharetta,
72.108.111.0/24,US,US-PA,Plymouth Meeting,
72.108.112.0/24,US,US-UT,West Jordan,
72.108.113.0/24,US,US-WA,Redmond,
72.108.114.0/24,US,US-WA,Redmond,
72.108.120.0/21,US,US-TX,Euless,
72.108.128.0/21,US,US-TX,Euless,
72.108.136.0/22,US,US-TX,Schertz,
72.108.140.0/22,US,US-TX,Schertz,
72.108.144.0/22,US,US-NC,Charlotte,
72.108.148.0/22,US,US-NC,Charlotte,
72.108.152.0/22,US,US-PA,Plymouth Meeting,
72.108.158.0/24,US,US-UT,West Jordan,
72.108.159.0/24,US,US-UT,West Jordan,
72.108.16.0/21,US,US-IN,Indianapolis,
72.108.160.0/24,US,US-OR,Hillsboro,
72.108.161.0/24,US,US-OR,Hillsboro,
72.108.162.0/24,US,US-NE,Omaha,
72.108.163.0/24,US,US-NE,Omaha,
72.108.164.0/24,US,US-CO,Aurora,
72.108.165.0/24,US,US-CO,Aurora,
72.108.168.0/24,US,US-NC,Charlotte,
72.108.169.0/24,US,US-NC,Charlotte,
72.108.170.0/23,US,US-NE,Omaha,
72.108.172.0/24,US,US-MN,Bloomington,
72.108.173.0/24,US,US-MN,Bloomington,
72.108.174.0/24,US,US-KS,Lenexa,
72.108.175.0/24,US,US-KS,Lenexa,
72.108.176.0/22,US,US-MD,Annapolis Junction,
72.108.180.0/22,US,US-VA,Chantilly,
72.108.184.0/22,US,US-NY,Farmingdale,
72.108.188.0/22,US,US-NY,Yonkers,
72.108.192.0/20,US,US-PA,Johnstown,
72.108.208.0/22,US,US-FL,Pembroke Pines,
72.108.212.0/22,US,US-FL,Pembroke Pines,
72.108.216.0/22,US,US-NE,Omaha,
72.108.220.0/22,US,US-GA,Alpharetta,
72.108.224.0/21,US,US-FL,Orlando,
72.108.232.0/21,US,US-FL,Orlando,
72.108.24.0/21,US,US-IN,Indianapolis,
72.108.240.0/20,US,US-FL,Pembroke Pines,
72.108.32.0/22,US,US-NC,Charlotte,
72.108.52.0/23,US,US-MO,St. Louis,
72.108.54.0/23,US,US-MO,St. Louis,
72.108.56.0/21,US,US-CT,Windsor,
72.108.65.0/24,US,US-CA,Vista,
72.108.66.0/24,US,US-CA,Vista,
72.108.67.0/24,US,US-CA,Vista,
72.108.68.0/24,US,US-TX,Euless,
72.108.69.0/24,US,US-TX,Euless,
72.108.70.0/24,US,US-TX,Euless,
72.108.71.0/24,US,US-TX,Euless,
72.108.72.0/24,US,US-TX,Schertz,
72.108.75.0/24,US,US-NY,Farmingdale,
72.108.79.0/24,US,US-TX,Schertz,
72.108.8.0/21,US,US-LA,Baton Rouge,
72.108.84.0/23,US,US-MI,Southfield,
72.108.86.0/23,US,US-MI,Southfield,
72.108.92.0/24,US,US-NC,Charlotte,
72.108.93.0/24,US,US-NC,Charlotte,
72.108.94.0/24,US,US-NC,Charlotte,
72.108.95.0/24,US,US-NC,Charlotte,
72.108.96.0/22,US,US-DE,New Castle,
72.109.0.0/21,US,US-OH,Columbus,
72.109.128.0/20,US,US-NC,Charlotte,
72.109.144.0/20,US,US-NC,Charlotte,
72.109.16.0/20,US,US-DE,New Castle,
72.109.160.0/20,US,US-PA,Plymouth Meeting,
72.109.176.0/21,US,US-GA,Alpharetta,
72.109.184.0/21,US,US-GA,Alpharetta,
72.109.192.0/18,US,US-TX,Euless,
72.109.40.0/22,US,US-NC,Charlotte,
72.109.44.0/23,US,US-KS,Lenexa,
72.109.46.0/23,US,US-CA,Sunnyvale,
72.109.48.0/20,US,US-NC,Charlotte,
72.109.64.0/19,US,US-CA,Azusa,
72.109.8.0/21,US,US-AL,Birmingham,
72.109.96.0/19,US,US-CA,Azusa,
72.110.0.0/18,US,US-TX,Euless,
72.110.128.0/18,US,US-OH,Cincinnati,
72.110.192.0/18,US,US-OH,Cincinnati,
72.110.64.0/19,US,US-CA,Sunnyvale,
72.110.96.0/19,US,US-CA,Sunnyvale,
72.111.0.0/19,US,US-AZ,Tempe,
72.111.128.0/22,US,US-CA,Vista,
72.111.132.0/23,US,US-CO,Aurora,
72.111.134.0/23,US,US-OR,Hillsboro,
72.111.136.0/24,US,US-PA,Plymouth Meeting,
72.111.137.0/24,US,US-CO,Aurora,
72.111.138.0/23,US,US-TX,Euless,
72.111.140.0/22,US,US-CO,Aurora,
72.111.144.0/23,US,US-TX,Schertz,
72.111.146.0/23,US,US-MN,Bloomington,
72.111.148.0/22,US,US-CA,Azusa,
72.111.152.0/23,US,US-NY,East Syracuse,
72.111.154.0/23,US,US-NY,East Syracuse,
72.111.156.0/22,US,US-GA,Alpharetta,
72.111.160.0/20,US,US-WA,Redmond,
72.111.176.0/21,US,US-CT,Windsor,
72.111.184.0/21,US,US-MI,Southfield,
72.111.208.0/21,US,US-TN,Whites Creek,
72.111.216.0/22,US,US-CA,Vista,
72.111.220.0/22,US,US-NC,Charlotte,
72.111.224.0/21,US,US-IN,Indianapolis,
72.111.232.0/21,US,US-CA,Vista,
72.111.240.0/20,US,US-TN,Whites Creek,
72.111.32.0/19,US,US-AZ,Tempe,
72.111.64.0/19,US,US-CA,Vista,
72.111.96.0/19,US,US-CA,Vista,
72.72.152.0/24,US,US-FL,Pembroke Pines,
72.72.154.0/24,US,US-IL,Hickory Hills,
72.72.155.0/24,US,US-AZ,Tempe,
72.72.156.0/24,US,US-AZ,Tempe,
72.72.158.0/24,US,US-FL,Pembroke Pines,
72.72.159.0/24,US,US-IL,Hickory Hills,
75.192.0.0/18,US,US-IN,Indianapolis,
75.192.128.0/19,US,US-DE,New Castle,
75.192.160.0/19,US,US-DE,New Castle,
75.192.192.0/20,US,US-MA,Westborough,
75.192.208.0/20,US,US-MA,Westborough,
75.192.224.0/19,US,US-NY,East Syracuse,
75.192.64.0/18,US,US-IN,Indianapolis,
75.194.0.0/19,US,US-IL,Hickory Hills,
75.194.128.0/19,US,US-CA,Rocklin,
75.194.160.0/19,US,US-CA,Rocklin,
75.194.192.0/20,US,US-CA,Rocklin,
75.194.208.0/20,US,US-MD,Annapolis Junction,
75.194.224.0/19,US,US-MD,Annapolis Junction,
75.194.32.0/19,US,US-IL,Hickory Hills,
75.194.64.0/19,US,US-FL,Orlando,
75.194.96.0/19,US,US-FL,Orlando,
75.195.128.0/18,US,US-HI,Mililani,
75.195.192.0/19,US,US-WI,New Berlin,
75.195.224.0/19,US,US-WI,New Berlin,
75.196.0.0/16,US,US-WI,New Berlin,
75.197.0.0/19,US,US-PA,Plymouth Meeting,
75.197.128.0/18,US,US-NY,Farmingdale,
75.197.192.0/19,US,US-NY,Yonkers,
75.197.224.0/22,US,US-NE,Omaha,
75.197.228.0/22,US,US-PA,Plymouth Meeting,
75.197.232.0/22,US,US-OR,Hillsboro,
75.197.236.0/22,US,US-NC,Charlotte,
75.197.240.0/20,US,US-WI,New Berlin,
75.197.32.0/21,US,US-AL,Birmingham,
75.197.40.0/22,US,US-MI,Westland,
75.197.44.0/22,US,US-MN,Bloomington,
75.197.48.0/20,US,US-NJ,Wall Township,
75.197.64.0/18,US,US-MI,Westland,
75.198.0.0/21,US,US-OH,Columbus,
75.198.12.0/22,US,US-OH,Cincinnati,
75.198.128.0/18,US,US-CA,Rocklin,
75.198.16.0/21,US,US-OH,Cincinnati,
75.198.192.0/18,US,US-CA,Rocklin,
75.198.24.0/21,US,US-IN,Indianapolis,
75.198.32.0/20,US,US-IN,Indianapolis,
75.198.48.0/20,US,US-IN,Indianapolis,
75.198.8.0/22,US,US-OH,Columbus,
75.201.0.0/18,US,US-FL,Pembroke Pines,
75.201.128.0/17,US,US-TN,Arlington,
75.201.64.0/18,US,US-FL,Pembroke Pines,
75.202.0.0/16,US,US-OR,Hillsboro,
75.203.0.0/17,US,US-NJ,Wall Township,
75.203.128.0/19,US,US-UT,West Jordan,
75.203.160.0/19,US,US-CO,Aurora,
75.203.192.0/20,US,US-CO,Aurora,
75.203.208.0/20,US,US-NJ,Branchburg,
75.203.224.0/21,US,US-PA,Plymouth Meeting,
75.204.0.0/18,US,US-AZ,Tempe,
75.204.128.0/19,US,US-CA,Vista,
75.204.160.0/19,US,US-CA,Vista,
75.204.192.0/19,US,US-MI,Southfield,
75.204.224.0/19,US,US-MI,Southfield,
75.204.64.0/18,US,US-AZ,Tempe,
75.205.0.0/21,US,US-GA,Alpharetta,
75.205.112.0/20,US,US-NE,Omaha,
75.205.128.0/22,US,US-NE,Omaha,
75.205.132.0/22,US,US-CA,Azusa,
75.205.136.0/21,US,US-NC,Charlotte,
75.205.144.0/21,US,US-NC,Charlotte,
75.205.152.0/21,US,US-NC,Charlotte,
75.205.16.0/22,US,US-TX,Euless,
75.205.160.0/21,US,US-VA,Richmond,
75.205.168.0/21,US,US-NV,North Las Vegas,
75.205.176.0/21,US,US-GA,Alpharetta,
75.205.184.0/21,US,US-GA,Alpharetta,
75.205.192.0/21,US,US-CA,Rocklin,
75.205.20.0/22,US,US-TX,Schertz,
75.205.200.0/21,US,US-CA,Rocklin,
75.205.208.0/22,US,US-CA,Vista,
75.205.212.0/22,US,US-CA,Vista,
75.205.216.0/21,US,US-VA,Roanoke,
75.205.224.0/21,US,US-AZ,Tempe,
75.205.232.0/21,US,US-NV,North Las Vegas,
75.205.24.0/21,US,US-PA,Bridgeville,
75.205.240.0/22,US,US-NY,East Syracuse,
75.205.244.0/23,US,US-DE,New Castle,
75.205.246.0/23,US,US-PA,Plymouth Meeting,
75.205.248.0/22,US,US-DE,New Castle,
75.205.252.0/22,US,US-PA,Plymouth Meeting,
75.205.32.0/20,US,US-TX,Euless,
75.205.48.0/20,US,US-TX,Schertz,
75.205.64.0/21,US,US-OR,Hillsboro,
75.205.72.0/21,US,US-OH,Columbus,
75.205.8.0/21,US,US-AL,Birmingham,
75.205.80.0/21,US,US-OH,Cincinnati,
75.205.88.0/22,US,US-MN,Bloomington,
75.205.92.0/22,US,US-CA,Azusa,
75.205.96.0/20,US,US-MN,Bloomington,
75.206.0.0/16,US,US-FL,Orlando,
75.207.0.0/16,US,US-NC,Charlotte,
75.208.0.0/16,US,US-TN,Whites Creek,
75.209.0.0/18,US,US-OH,Columbus,
75.209.128.0/18,US,US-IL,Hickory Hills,
75.209.64.0/18,US,US-OH,Columbus,
75.210.0.0/16,US,US-IL,Hickory Hills,
75.211.0.0/18,US,US-WI,New Berlin,
75.211.160.0/21,US,US-WA,Redmond,
75.211.168.0/21,US,US-MO,St. Louis,
75.211.176.0/22,US,US-PA,Bridgeville,
75.211.180.0/22,US,US-CA,Sunnyvale,
75.211.184.0/21,US,US-KS,Lenexa,
75.211.192.0/18,US,US-IN,Indianapolis,
75.211.64.0/19,US,US-WI,New Berlin,
75.212.0.0/18,US,US-TX,Houston,
75.212.128.0/18,US,US-IL,Hickory Hills,
75.212.192.0/19,US,US-NE,Omaha,
75.212.224.0/19,US,US-TX,Schertz,
75.212.64.0/18,US,US-TX,Houston,
75.213.0.0/18,US,US-WA,Redmond,
75.213.128.0/19,US,US-MI,Southfield,
75.213.160.0/19,US,US-NE,Omaha,
75.213.192.0/18,US,US-NE,Omaha,
75.213.64.0/18,US,US-WA,Redmond,
75.214.0.0/17,US,US-NY,Farmingdale,
75.214.128.0/17,US,US-NY,Yonkers,
75.215.0.0/17,US,US-LA,Baton Rouge,
75.215.128.0/18,US,US-LA,Baton Rouge,
75.215.192.0/19,US,US-DE,New Castle,
75.215.224.0/21,US,US-DE,New Castle,
75.215.232.0/21,US,US-CA,Rocklin,
75.215.240.0/21,US,US-VA,Richmond,
75.215.248.0/21,US,US-OH,Cincinnati,
75.216.0.0/17,US,US-MA,Westborough,
75.216.160.0/20,US,US-FL,Orlando,
75.216.176.0/21,US,US-VA,Chantilly,
75.216.184.0/24,US,US-NC,Charlotte,
75.216.186.0/23,US,US-AL,Birmingham,
75.216.188.0/23,US,US-CA,Vista,
75.216.190.0/24,US,US-NC,Charlotte,
75.216.191.0/24,US,US-PA,Plymouth Meeting,
75.216.192.0/19,US,US-MI,Westland,
75.216.224.0/19,US,US-CO,Aurora,
75.217.0.0/17,US,US-TX,Houston,
75.217.128.0/18,US,US-TX,Houston,
75.217.192.0/18,US,US-MN,Bloomington,
75.218.0.0/16,US,US-CA,Sunnyvale,
75.219.0.0/17,US,US-NE,Omaha,
75.219.128.0/18,US,US-NE,Omaha,
75.219.192.0/19,US,US-MI,Southfield,
75.219.224.0/19,US,US-NY,Farmingdale,
75.220.0.0/16,US,US-FL,Pembroke Pines,
75.221.0.0/20,US,US-NE,Omaha,
75.221.128.0/19,US,US-IN,Indianapolis,
75.221.16.0/21,US,US-NE,Omaha,
75.221.160.0/19,US,US-IN,Indianapolis,
75.221.192.0/20,US,US-IN,Indianapolis,
75.221.208.0/20,US,US-IN,Indianapolis,
75.221.224.0/21,US,US-AZ,Tempe,
75.221.232.0/22,US,US-CA,Azusa,
75.221.236.0/22,US,US-NY,Farmingdale,
75.221.24.0/21,US,US-MN,Bloomington,
75.221.240.0/20,US,US-AL,Birmingham,
75.221.32.0/21,US,US-NJ,Branchburg,
75.221.40.0/21,US,US-NJ,Branchburg,
75.221.48.0/21,US,US-CA,Sunnyvale,
75.221.56.0/21,US,US-NV,North Las Vegas,
75.221.64.0/18,US,US-CA,Sunnyvale,
75.222.0.0/17,US,US-NV,North Las Vegas,
75.222.128.0/19,US,US-MN,Bloomington,
75.222.160.0/19,US,US-MN,Bloomington,
75.222.192.0/19,US,US-MI,Southfield,
75.222.224.0/19,US,US-TN,Arlington,
75.223.0.0/18,US,US-NV,North Las Vegas,
75.223.128.0/18,US,US-CA,Azusa,
75.223.192.0/18,US,US-CA,Azusa,
75.223.64.0/18,US,US-NV,North Las Vegas,
75.224.0.0/17,US,US-OK,Tulsa,
75.224.128.0/20,US,US-PA,Bridgeville,
75.224.144.0/21,US,US-MN,Bloomington,
75.224.152.0/21,US,US-MN,Bloomington,
75.224.192.0/18,US,US-OH,Columbus,
75.225.128.0/19,US,US-NC,Charlotte,
75.225.160.0/19,US,US-NC,Charlotte,
75.225.192.0/19,US,US-TN,Whites Creek,
75.225.224.0/20,US,US-NE,Omaha,
75.225.240.0/20,US,US-NE,Omaha,
75.226.0.0/19,US,US-PA,Bridgeville,
75.226.128.0/20,US,US-NV,North Las Vegas,
75.226.144.0/20,US,US-NV,North Las Vegas,
75.226.160.0/19,US,US-WA,Redmond,
75.226.192.0/19,US,US-TX,Schertz,
75.226.224.0/19,US,US-OK,Tulsa,
75.226.32.0/19,US,US-CA,Sunnyvale,
75.226.64.0/21,US,US-TX,Euless,
75.226.72.0/21,US,US-MI,Southfield,
75.226.80.0/21,US,US-WI,New Berlin,
75.226.88.0/22,US,US-MO,St. Louis,
75.226.92.0/22,US,US-NE,Omaha,
75.226.96.0/19,US,US-CA,Sunnyvale,
75.227.128.0/17,US,US-OH,Columbus,
75.228.0.0/18,US,US-AL,Birmingham,
75.228.128.0/17,US,US-CT,Windsor,
75.228.64.0/18,US,US-AL,Birmingham,
75.229.0.0/18,US,US-FL,Orlando,
75.229.128.0/18,US,US-FL,Orlando,
75.229.192.0/18,US,US-CA,Sunnyvale,
75.229.64.0/18,US,US-FL,Orlando,
75.230.0.0/16,US,US-OH,Columbus,
75.231.0.0/18,US,US-MN,Bloomington,
75.231.192.0/18,US,US-OR,Hillsboro,
75.231.64.0/18,US,US-MN,Bloomington,
75.232.128.0/21,US,US-CO,Aurora,
75.232.136.0/21,US,US-UT,West Jordan,
75.232.144.0/21,US,US-PA,Plymouth Meeting,
75.232.152.0/21,US,US-DE,New Castle,
75.232.208.0/20,US,US-FL,Orlando,
75.232.32.0/20,US,US-IL,Hickory Hills,
75.232.64.0/22,US,US-NY,Yonkers,
75.232.68.0/23,US,US-TX,Schertz,
75.232.70.0/23,US,US-TX,Euless,
75.232.72.0/22,US,US-GA,Alpharetta,
75.232.76.0/22,US,US-AL,Birmingham,
75.233.0.0/16,US,US-AZ,Tempe,
75.235.192.0/19,US,US-LA,Baton Rouge,
75.235.224.0/19,US,US-LA,Baton Rouge,
75.236.0.0/18,US,US-NV,North Las Vegas,
75.236.128.0/18,US,US-NV,North Las Vegas,
75.236.192.0/19,US,US-GA,Alpharetta,
75.236.224.0/20,US,US-GA,Alpharetta,
75.236.240.0/20,US,US-CT,Windsor,
75.236.64.0/18,US,US-AZ,Tempe,
75.237.0.0/18,US,US-AZ,Tempe,
75.237.128.0/19,US,US-AZ,Tempe,
75.237.160.0/19,US,US-AZ,Tempe,
75.237.192.0/19,US,US-CA,Vista,
75.237.224.0/19,US,US-CA,Vista,
75.237.64.0/18,US,US-AZ,Tempe,
75.239.128.0/24,US,US-DE,New Castle,
75.239.129.0/24,US,US-DE,New Castle,
75.239.130.0/24,US,US-UT,West Jordan,
75.239.131.0/24,US,US-CO,Aurora,
75.239.132.0/22,US,US-CO,Aurora,
75.239.136.0/22,US,US-DE,New Castle,
75.239.140.0/22,US,US-PA,Plymouth Meeting,
75.239.144.0/20,US,US-TX,Houston,
75.239.192.0/19,US,US-PA,Johnstown,
75.239.224.0/20,US,US-WA,Redmond,
75.239.240.0/20,US,US-WA,Redmond,
75.240.0.0/16,US,US-OH,Cincinnati,
75.241.0.0/21,US,US-GA,Alpharetta,
75.241.104.0/21,US,US-AL,Birmingham,
75.241.112.0/23,US,US-GA,Alpharetta,
75.241.116.0/22,US,US-MI,Westland,
75.241.192.0/20,US,US-TX,Euless,
75.241.208.0/21,US,US-CO,Aurora,
75.241.216.0/21,US,US-CO,Aurora,
75.241.224.0/21,US,US-UT,West Jordan,
75.241.232.0/21,US,US-WI,New Berlin,
75.241.240.0/21,US,US-VA,Roanoke,
75.241.248.0/22,US,US-OR,Hillsboro,
75.241.252.0/22,US,US-WA,Redmond,
75.241.32.0/21,US,US-NV,North Las Vegas,
75.241.40.0/21,US,US-AZ,Tempe,
75.241.48.0/22,US,US-NE,Omaha,
75.241.52.0/22,US,US-NE,Omaha,
75.241.56.0/22,US,US-NV,North Las Vegas,
75.241.60.0/22,US,US-AZ,Tempe,
75.241.64.0/21,US,US-MO,St. Louis,
75.241.72.0/22,US,US-CA,Sunnyvale,
75.241.76.0/22,US,US-CA,Sunnyvale,
75.241.8.0/21,US,US-AL,Birmingham,
75.241.88.0/21,US,US-HI,Mililani,
75.241.96.0/21,US,US-GA,Alpharetta,
75.242.128.0/17,US,US-OH,Cincinnati,
75.243.0.0/18,US,US-MO,St. Louis,
75.243.128.0/20,US,US-NY,Rochester,
75.243.144.0/20,US,US-NY,East Syracuse,
75.243.160.0/19,US,US-MO,St. Louis,
75.243.192.0/20,US,US-OR,Hillsboro,
75.243.208.0/20,US,US-TX,Schertz,
75.243.224.0/19,US,US-KS,Lenexa,
75.243.64.0/19,US,US-GA,Alpharetta,
75.243.96.0/19,US,US-GA,Alpharetta,
75.244.0.0/18,US,US-IN,Indianapolis,
75.244.128.0/21,US,US-OR,Hillsboro,
75.244.136.0/21,US,US-WA,Redmond,
75.244.144.0/21,US,US-TX,Euless,
75.244.152.0/21,US,US-TX,Schertz,
75.244.160.0/19,US,US-CO,Aurora,
75.244.192.0/18,US,US-NE,Omaha,
75.244.64.0/18,US,US-IN,Indianapolis,
75.245.0.0/19,US,US-NY,Farmingdale,
75.245.104.0/21,US,US-TN,Arlington,
75.245.112.0/20,US,US-UT,West Jordan,
75.245.128.0/19,US,US-TN,Whites Creek,
75.245.160.0/19,US,US-TN,Whites Creek,
75.245.192.0/19,US,US-IN,Indianapolis,
75.245.224.0/20,US,US-GA,Alpharetta,
75.245.240.0/20,US,US-OK,Tulsa,
75.245.32.0/19,US,US-NY,Yonkers,
75.245.64.0/20,US,US-CT,Windsor,
75.245.80.0/20,US,US-VA,Richmond,
75.245.96.0/21,US,US-IL,Hickory Hills,
75.246.0.0/17,US,US-NY,East Syracuse,
75.246.128.0/17,US,US-NY,Rochester,
75.247.0.0/18,US,US-MN,Bloomington,
75.247.128.0/17,US,US-MN,Bloomington,
75.247.64.0/19,US,US-NY,East Syracuse,
75.247.96.0/19,US,US-NY,Rochester,
75.248.0.0/19,US,US-NC,Charlotte,
75.248.104.0/21,US,US-AZ,Tempe,
75.248.112.0/21,US,US-FL,Orlando,
75.248.120.0/21,US,US-CT,Windsor,
75.248.128.0/19,US,US-UT,West Jordan,
75.248.160.0/19,US,US-GA,Alpharetta,
75.248.192.0/18,US,US-OH,Cincinnati,
75.248.32.0/19,US,US-NC,Charlotte,
75.248.64.0/19,US,US-NC,Charlotte,
75.248.96.0/21,US,US-NC,Charlotte,
75.249.0.0/19,US,US-OK,Tulsa,
75.249.128.0/19,US,US-NJ,Branchburg,
75.249.160.0/21,US,US-NC,Charlotte,
75.249.192.0/18,US,US-VA,Richmond,
75.249.44.0/22,US,US-CA,Vista,
75.249.48.0/20,US,US-PA,Johnstown,
75.250.0.0/17,US,US-NJ,Branchburg,
75.250.128.0/18,US,US-WI,New Berlin,
75.250.192.0/18,US,US-WI,New Berlin,
75.251.0.0/18,US,US-FL,Orlando,
75.251.128.0/19,US,US-NJ,Wall Township,
75.251.64.0/18,US,US-FL,Orlando,
75.253.0.0/16,US,US-WA,Redmond,
97.128.0.0/18,US,US-NJ,Branchburg,
97.128.128.0/19,US,US-VA,Roanoke,
97.128.160.0/19,US,US-NY,Rochester,
97.128.192.0/18,US,US-PA,Bridgeville,
97.128.64.0/18,US,US-TN,Arlington,
97.129.0.0/18,US,US-NC,Charlotte,
97.129.128.0/18,US,US-NC,Charlotte,
97.129.192.0/18,US,US-NC,Charlotte,
97.129.64.0/18,US,US-NC,Charlotte,
97.130.0.0/18,US,US-IL,Hickory Hills,
97.130.128.0/18,US,US-IL,Hickory Hills,
97.130.192.0/18,US,US-CA,Vista,
97.130.64.0/18,US,US-IL,Hickory Hills,
97.131.0.0/18,US,US-CA,Vista,
97.131.128.0/18,US,US-TN,Whites Creek,
97.131.192.0/18,US,US-TN,Whites Creek,
97.131.64.0/18,US,US-CA,Vista,
97.132.0.0/18,US,US-TN,Whites Creek,
97.132.128.0/18,US,US-UT,West Jordan,
97.132.192.0/18,US,US-UT,West Jordan,
97.132.64.0/18,US,US-NY,East Syracuse,
97.133.0.0/21,US,US-OH,Cincinnati,
97.133.104.0/22,US,US-AZ,Tempe,
97.133.108.0/22,US,US-UT,West Jordan,
97.133.112.0/20,US,US-TX,Euless,
97.133.16.0/20,US,US-WA,Redmond,
97.133.192.0/18,US,US-NY,Yonkers,
97.133.64.0/19,US,US-NJ,Wall Township,
97.133.96.0/21,US,US-MD,Annapolis Junction,
97.134.0.0/18,US,US-CA,Azusa,
97.134.128.0/18,US,US-TX,Euless,
97.134.192.0/19,US,US-TX,Euless,
97.134.224.0/20,US,US-TX,Euless,
97.134.240.0/21,US,US-TN,Arlington,
97.134.248.0/21,US,US-FL,Orlando,
97.134.64.0/18,US,US-CA,Azusa,
97.135.0.0/18,US,US-MI,Southfield,
97.135.128.0/18,US,US-KS,Lenexa,
97.135.192.0/18,US,US-MO,St. Louis,
97.135.64.0/18,US,US-MI,Southfield,
97.136.0.0/18,US,US-CA,Rocklin,
97.136.128.0/18,US,US-CA,Rocklin,
97.136.192.0/18,US,US-PA,Johnstown,
97.136.64.0/18,US,US-CA,Rocklin,
97.137.0.0/18,US,US-PA,Bridgeville,
97.137.128.0/18,US,US-OH,Cincinnati,
97.137.192.0/18,US,US-LA,Baton Rouge,
97.137.64.0/18,US,US-OH,Columbus,
97.138.0.0/17,US,US-UT,West Jordan,
97.138.128.0/21,US,US-IL,Hickory Hills,
97.138.136.0/21,US,US-TX,Schertz,
97.138.144.0/20,US,US-FL,Pembroke Pines,
97.138.160.0/21,US,US-TN,Whites Creek,
97.138.168.0/21,US,US-CA,Rocklin,
97.138.176.0/21,US,US-AL,Birmingham,
97.138.184.0/21,US,US-PA,Plymouth Meeting,
97.138.192.0/18,US,US-LA,Baton Rouge,
97.139.0.0/18,US,US-TX,Houston,
97.139.128.0/17,US,US-CO,Aurora,
97.139.64.0/18,US,US-TX,Schertz,
97.140.0.0/16,US,US-NC,Charlotte,
97.145.0.0/17,US,US-PA,Plymouth Meeting,
97.145.128.0/17,US,US-DE,New Castle,
97.146.0.0/17,US,US-VA,Richmond,
97.146.128.0/17,US,US-VA,Roanoke,
97.147.0.0/18,US,US-TX,Schertz,
97.147.128.0/17,US,US-IN,Indianapolis,
97.147.64.0/18,US,US-LA,Baton Rouge,
97.148.0.0/16,US,US-TN,Whites Creek,
97.149.0.0/16,US,US-IN,Indianapolis,
97.150.0.0/18,US,US-TX,Houston,
97.150.128.0/18,US,US-AL,Birmingham,
97.150.192.0/18,US,US-AL,Birmingham,
97.150.64.0/18,US,US-TX,Houston,
97.151.128.0/17,US,US-MD,Annapolis Junction,
97.153.0.0/17,US,US-VA,Chantilly,
97.154.0.0/16,US,US-TX,Euless,
97.155.0.0/16,US,US-TX,Schertz,
97.156.0.0/16,US,US-MI,Southfield,
97.157.0.0/16,US,US-MI,Westland,
97.163.0.0/16,US,US-FL,Orlando,
97.164.0.0/16,US,US-FL,Pembroke Pines,
97.165.0.0/17,US,US-PA,Plymouth Meeting,
97.165.128.0/17,US,US-DE,New Castle,
97.166.0.0/16,US,US-NC,Charlotte,
97.167.0.0/16,US,US-CA,Azusa,
97.170.0.0/16,US,US-CA,Vista,
97.171.0.0/17,US,US-CO,Aurora,
97.171.128.0/17,US,US-UT,West Jordan,
97.176.0.0/17,US,US-TX,Euless,
97.176.128.0/18,US,US-TX,Euless,
97.176.192.0/18,US,US-IN,Indianapolis,
97.177.0.0/18,US,US-MA,Westborough,
97.177.128.0/17,US,US-LA,Baton Rouge,
97.177.64.0/18,US,US-CT,Windsor,
97.178.0.0/17,US,US-TX,Houston,
97.178.128.0/17,US,US-UT,West Jordan,
97.179.0.0/17,US,US-CO,Aurora,
97.179.128.0/17,US,US-NE,Omaha,
97.180.0.0/17,US,US-GA,Alpharetta,
97.180.128.0/18,US,US-GA,Alpharetta,
97.180.192.0/19,US,US-CT,Windsor,
97.180.224.0/19,US,US-CO,Aurora,
97.181.0.0/17,US,US-AL,Birmingham,
97.181.128.0/17,US,US-NV,North Las Vegas,
97.182.0.0/16,US,US-AZ,Tempe,
97.183.0.0/17,US,US-MN,Bloomington,
97.183.128.0/18,US,US-MN,Bloomington,
97.183.192.0/18,US,US-TX,Houston,
97.184.0.0/17,US,US-TX,Schertz,
97.184.128.0/17,US,US-IN,Indianapolis,
97.185.0.0/18,US,US-IN,Indianapolis,
97.185.128.0/17,US,US-OR,Hillsboro,
97.185.64.0/18,US,US-OR,Hillsboro,
97.186.0.0/17,US,US-WA,Redmond,
97.186.128.0/17,US,US-KS,Lenexa,
97.187.0.0/17,US,US-MO,St. Louis,
97.187.128.0/17,US,US-PA,Bridgeville,
97.188.0.0/18,US,US-PA,Johnstown,
97.188.64.0/18,US,US-AZ,Tempe,
97.189.0.0/16,US,US-CA,Azusa,
97.190.0.0/16,US,US-CA,Vista,
97.191.0.0/16,US,US-CA,Rocklin,
97.200.128.0/17,US,US-GA,Alpharetta,
97.200.64.0/20,US,US-MA,Westborough,
97.200.80.0/20,US,US-MA,Westborough,
97.200.96.0/19,US,US-CT,Windsor,
97.201.0.0/18,US,US-GA,Alpharetta,
97.201.128.0/17,US,US-AL,Birmingham,
97.201.64.0/18,US,US-KS,Lenexa,
97.202.0.0/16,US,US-AZ,Tempe,
97.203.0.0/17,US,US-KS,Lenexa,
97.203.128.0/18,US,US-DE,New Castle,
97.204.0.0/19,US,US-NY,East Syracuse,
97.204.128.0/17,US,US-PA,Bridgeville,
97.204.40.0/21,US,US-MN,Bloomington,
97.204.64.0/18,US,US-PA,Bridgeville,
97.205.0.0/16,US,US-CA,Rocklin,
97.206.0.0/16,US,US-CA,Sunnyvale,
97.207.0.0/17,US,US-PA,Johnstown,
97.207.192.0/18,US,US-PA,Plymouth Meeting,
97.208.0.0/16,US,US-MI,Westland,
97.209.0.0/16,US,US-MI,Southfield,
97.210.0.0/18,US,US-DE,New Castle,
97.210.128.0/18,US,US-OR,Hillsboro,
97.210.192.0/18,US,US-MN,Bloomington,
97.210.64.0/18,US,US-WA,Redmond,
97.211.0.0/18,US,US-NE,Omaha,
97.211.128.0/18,US,US-AZ,Tempe,
97.211.192.0/18,US,US-OH,Columbus,
97.211.64.0/18,US,US-NV,North Las Vegas,
97.212.0.0/18,US,US-OH,Cincinnati,
97.212.128.0/18,US,US-AL,Birmingham,
97.212.192.0/18,US,US-TX,Euless,
97.212.64.0/18,US,US-GA,Alpharetta,
97.213.0.0/18,US,US-TX,Schertz,
97.213.128.0/18,US,US-UT,West Jordan,
97.213.64.0/18,US,US-CO,Aurora,
97.214.0.0/16,US,US-CA,Rocklin,
97.215.0.0/16,US,US-CA,Sunnyvale,
97.216.128.0/18,US,US-CA,Vista,
97.216.192.0/18,US,US-CA,Azusa,
97.216.56.0/22,US,US-AZ,Tempe,
97.216.60.0/22,US,US-AZ,Tempe,
97.216.64.0/18,US,US-PA,Plymouth Meeting,
97.217.0.0/16,US,US-CA,Azusa,
97.218.0.0/16,US,US-CA,Vista,
97.219.0.0/17,US,US-GA,Alpharetta,
97.219.128.0/18,US,US-GA,Alpharetta,
97.220.0.0/16,US,US-FL,Orlando,
97.221.0.0/16,US,US-FL,Pembroke Pines,
97.222.0.0/17,US,US-NY,Farmingdale,
97.223.0.0/16,US,US-IL,Hickory Hills,
97.224.0.0/16,US,US-WI,New Berlin,
97.225.0.0/17,US,US-TX,Schertz,
97.227.128.0/18,US,US-GA,Alpharetta,
97.227.192.0/18,US,US-AL,Birmingham,
97.228.0.0/17,US,US-NV,North Las Vegas,
97.228.128.0/18,US,US-CO,Aurora,
97.228.192.0/18,US,US-TX,Schertz,
97.229.0.0/17,US,US-OK,Tulsa,
97.230.0.0/16,US,US-NC,Charlotte,
97.231.0.0/17,US,US-PA,Bridgeville,
97.231.128.0/18,US,US-PA,Bridgeville,
97.231.192.0/18,US,US-TN,Arlington,
97.232.0.0/16,US,US-OK,Tulsa,
97.233.0.0/17,US,US-TN,Arlington,
97.233.128.0/17,US,US-NE,Omaha,
97.234.0.0/17,US,US-MN,Bloomington,
97.234.128.0/18,US,US-MN,Bloomington,
97.234.192.0/18,US,US-MA,Westborough,
97.235.0.0/17,US,US-MO,St. Louis,
97.235.128.0/18,US,US-CT,Windsor,
97.235.192.0/18,US,US-VA,Chantilly,
97.236.0.0/17,US,US-PA,Johnstown,
97.236.128.0/17,US,US-VA,Richmond,
97.237.0.0/17,US,US-NY,Yonkers,
97.237.128.0/17,US,US-AL,Birmingham,
97.238.0.0/17,US,US-MD,Annapolis Junction,
97.238.128.0/17,US,US-NY,East Syracuse,
97.239.0.0/17,US,US-NY,Rochester,
97.239.128.0/19,US,US-NY,Rochester,
97.242.0.0/16,US,US-IL,Hickory Hills,
97.243.0.0/16,US,US-WI,New Berlin,
97.244.128.0/17,US,US-TN,Whites Creek,
97.245.0.0/18,US,US-TN,Whites Creek,
97.245.64.0/18,US,US-TX,Euless,
97.246.0.0/16,US,US-AZ,Tempe,
97.247.128.0/17,US,US-TX,Euless,
97.248.0.0/16,US,US-NV,North Las Vegas,